0|Algeria|0|Abankor|Vein|Dormant|5,000-10,000	
0|Algeria|0|Daira|Vein|Dormant|UNKNOWN		
0|Algeria|0|Tahaggart|Surficial|Dormant|1,000-2,500	
0|Algeria|0|Timgaouine|Vein|Dormant|10,000-25,000	
0|Algeria|0|Tinef|Vein|Dormant|UNKNOWN		
0|Argentina|0|Cerro Solo|Sandstone-Tabular|Dormant|2,500-5,000	
0|Argentina|0|Don Otto|Sandstone-Tabular|Depleted|500-1,000	
0|Argentina|0|Dr. Baulles|Sandstone-Tabular|Dormant|10,000-25,000	
0|Argentina|0|Huemul|Sandstone-Tabular|Dormant|< 500		
0|Argentina|0|La Estela|Vein|Depleted|< 500		
0|Argentina|0|Rodolfo|Surficial|Dormant|1,000-2,500	
0|Argentina|0|Schlagintweit|Vein|Dormant|1,000-2,500	
0|Australia|0|Anderson's Lode|Metasomatite|Exploration|2,500-5,000	
0|Australia|0|Angela|Sandstone-Roll Front|Dormant|5,000-10,000	
0|Australia|0|Angelo River A|Unconformity-Proterozoic|Dormant|500-1,000 
2|Australia|16|Armchair Streitberg|Hematite Breccia Complex|Exploration|1,000-2,500
3|Australia|17|Ben Lomond|Volcanic|Dormant|5,000-10,000
4|Australia|18|Bennetts Well|Sandstone-Roll Front|Dormant|1,000-2,500
5|Australia|19|Beverley|Sandstone-Basal Channel|Operating|10,000-25,000
6|Australia|20|Bigrlyi|Sandstone-Roll Front|Dormant|5,000-10,000
7|Australia|21|Caramal|Unconformity-Proterozoic|Exploration|500-1,000
9|Australia|22|Centipede|Surficial|Dormant|2,500-5,000
10|Australia|1296|Central 50|Volcanic|Exploration|500-1,000
11|Australia|23|Coronation Hill|Unconformity-Proterozoic|Dormant|1,000-2,500
13|Australia|24|Crocker Well|Intrusive|Exploration|2,500-5,000
14|Australia|25|Dam|Unconformity-Proterozoic|Dormant|500-1,000
16|Australia|26|Dyson's|Unconformity-Proterozoic|Depleted|< 500
18|Australia|27|East Kalkaroo|Sandstone-Roll Front|Exploration|500-1,000
19|Australia|29|Goulds Dam-Billeroo|Sandstone-Roll Front|Exploration|5,000-10,000
20|Australia|30|Hades Flat|Unconformity-Proterozoic|Dormant|500-1,000
22|Australia|31|Hodgkinson|Hematite Breccia Complex|Dormant|< 500
23|Australia|32|Honeymoon|Sandstone-Roll Front|Development|1,000-2,500
24|Australia|33|Huarabagoo|Vein|Dormant|2,500-5,000
25|Australia|34|Jabiluka 1 Orebody|Unconformity-Proterozoic|Dormant|2,500-5,000
27|Australia|951|Jabiluka 2 Orebody|Unconformity-Proterozoic|Dormant|> 100,000
29|Australia|980|Jailor Bore|Surficial|Exploration|500-1,000
30|Australia|35|Junnagunna|Sandstone-Tabular|Dormant|2,500-5,000
31|Australia|36|Kintyre|Unconformity-Proterozoic|Dormant|25,000-50,000
33|Australia|37|Koongarra 1 Orebody|Unconformity-Proterozoic|Dormant|10,000-25,000
35|Australia|950|Koongarra 2 Orebody|Unconformity-Proterozoic|Dormant|1,000-2,500
37|Australia|945|Kylie|Unconformity-Proterozoic|Exploration|UNKNOWN
39|Australia|38|Lake Maitland|Surficial|Development|5,000-10,000
40|Australia|39|Lake Mason|Surficial|Dormant|1,000-2,500
41|Australia|40|Lake Raeside|Surficial|Dormant|1,000-2,500
42|Australia|41|Lake Way|Surficial|Exploration|2,500-5,000
43|Australia|42|Malbooma|Sandstone-Tabular|Dormant|2,500-5,000
44|Australia|43|Manyingee|Sandstone-Roll Front|Dormant|10,000-25,000
45|Australia|44|Mary Kathleen|Metamorphic|Depleted|10,000-25,000
46|Australia|45|Maureen|Volcanic|Dormant|1,000-2,500
47|Australia|46|Mount Fitch|Unconformity-Proterozoic|Dormant|2,500-5,000
49|Australia|47|Mount Gee|Hematite Breccia Complex|Exploration|10,000-25,000
50|Australia|48|Mount Painter|Hematite Breccia Complex|Exploration|5,000-10,000
51|Australia|944|Mount Victoria|Intrusive|Dormant|< 500
52|Australia|49|Mulga Rock Deposits|Sandstone-Tabular|Dormant|10,000-25,000
53|Australia|50|Nabarlek|Unconformity-Proterozoic|Exploration|5,000-10,000
55|Australia|51|Napperby|Surficial|Dormant|500-1,000
56|Australia|979|Nolans Bore|Intrusive|Exploration|1,000-2,500
57|Australia|52|Nowthana|Surficial|Dormant|1,000-2,500
58|Australia|53|Olympic Dam|Hematite Breccia Complex|Operating|> 100,000
59|Australia|947|Oobagooma|Sandstone-Roll Front|Dormant|5,000-10,000
60|Australia|54|Outcamp|Sandstone-Tabular|Dormant|500-1,000
61|Australia|943|Pamela|Sandstone-Roll Front|Dormant|UNKNOWN
62|Australia|55|Paralana-Pepegoona|Sandstone-Roll Front|Exploration|500-1,000
63|Australia|977|Prominent Hill|Hematite Breccia Complex|Development|10,000-25,000
64|Australia|56|Radium Hill|Intrusive|Depleted|500-1,000
65|Australia|58|Radium Ridge|Hematite Breccia Complex|Dormant|1,000-2,500
2|Australia|59|Ranger 68|Unconformity-Proterozoic|Dormant|2,500-5,000
4|Australia|948|Ranger No. 1 Orebody|Unconformity-Proterozoic|Depleted|25,000-50,000
6|Australia|952|Ranger No. 3 Orebody|Unconformity-Proterozoic|Operating|> 100,000
8|Australia|60|Redtree|Sandstone-Tabular|Exploration|10,000-25,000
9|Australia|61|Rum Jungle Creek|Unconformity-Proterozoic|Depleted|1,000-2,500
11|Australia|62|Skal|Metasomatite|Exploration|2,500-5,000
12|Australia|28|South Alligator River|Unconformity-Proterozoic|Depleted|500-1,000
14|Australia|63|Sue|Sandstone-Tabular|Dormant|500-1,000
15|Australia|64|Thatcher Soak|Surficial|Dormant|2,500-5,000
16|Australia|65|Trident|Volcanic|Dormant|< 500
17|Australia|66|Turee Creek|Unconformity-Proterozoic|Dormant|UNKNOWN
19|Australia|67|Two-Gee|Volcanic|Dormant|500-1,000
20|Australia|68|Valhalla|Metasomatite|Exploration|10,000-25,000
21|Australia|69|Walbiri|Sandstone-Tabular|Dormant|500-1,000
22|Australia|70|Warrior|Sandstone-Tabular|Exploration|2,500-5,000
23|Australia|72|White's|Unconformity-Proterozoic|Depleted|500-1,000
25|Australia|73|Yeelirrie|Surficial|Dormant|25,000-50,000
26|Bolivia|74|Cotaje|Sandstone-Tabular|Dormant|500-1,000
27|Botswana|1124|Mokobaesi|Surficial|Exploration|5,000-10,000
28|Botswana|1258|Serule|Sandstone-Basal Channel|Exploration|25,000-50,000
29|Brazil|75|Amorinopolis|Sandstone-Tabular|Dormant|2,500-5,000
30|Brazil|76|Campos Belos|Vein|Closed|< 500
31|Brazil|77|Espinharas|Metasomatite|Dormant|5,000-10,000
32|Brazil|78|Figueira|Sandstone-Tabular|Dormant|5,000-10,000
33|Brazil|79|Gandarela|Unknown|Dormant|1,000-2,500
34|Brazil|80|Itataia|Metasomatite|Development|> 100,000
35|Brazil|81|Lagoa Real|Metasomatite|Operating|50,000-100,000
36|Brazil|82|Pocos De Caldas|Volcanic|Reclamation|10,000-25,000
37|Brazil|83|Serra Des Gaivotas|Quartz-pebble|Feasibility study|UNKNOWN
39|Brazil|84|Serrotes Baixos|Unknown|Unknown|UNKNOWN
40|Bulgaria|85|Beslet|Vein|Depleted|500-1,000
41|Bulgaria|86|Biala Voda|Vein|Closed|1,000-2,500
42|Bulgaria|87|Bukhovo District|Vein|Depleted|5,000-10,000
43|Bulgaria|88|Dospat|Sandstone-|Depleted|500-1,000
45|Bulgaria|89|Eleshnitsa District|Sandstone-Tabular|Closed|5,000-10,000
46|Bulgaria|90|Gabra|Sandstone-Tabular|Closed|< 500
47|Bulgaria|91|Gradevo|Sandstone-Tabular|Fully explored|500-1,000
48|Bulgaria|92|Igralishte|Surficial|Depleted|500-1,000
49|Bulgaria|1127|Isgrew|Sandstone-Roll Front|Depleted|500-1,000
50|Bulgaria|1128|Kostenetz|Vein|Depleted|< 500
51|Bulgaria|93|Kurrilo|Sandstone-|Depleted|500-1,000
53|Bulgaria|1130|Marritza District|Sandstone-Roll Front|Dormant|2,500-5,000
54|Bulgaria|94|Melnik|Sandstone-Tabular|Depleted|500-1,000
55|Bulgaria|95|Momino District|Sandstone-Roll Front|Closed|2,500-5,000
56|Bulgaria|1244|Narretshen|Vein|Depleted|500-1,000
57|Bulgaria|1133|Okop-Tenevo|Sandstone-Tabular|Depleted|1,000-2,500
58|Bulgaria|96|Partisanska Polana|Vein|Depleted|< 500
59|Bulgaria|97|Pravoslaven, Haskovo|Sandstone-Roll Front|Closed|10,000-25,000
60|Bulgaria|98|Pripetchen-Deltshevo|Sandstone-Tabular|Dormant|500-1,000
61|Bulgaria|99|Proboinitsa|Vein|Closed|500-1,000
62|Bulgaria|100|Rosen|Vein|Depleted|500-1,000
63|Bulgaria|101|Sarnitsa and Planinetz|Volcanic|Depleted|1,000-2,500
64|Bulgaria|102|Saslyka Paleochannel|Sandstone-Roll Front|Closed|1,000-2,500
65|Bulgaria|103|Sborishte|Vein|Closed|500-1,000
2|Bulgaria|104|Simitli|Sandstone-Tabular|Closed|2,500-5,000
3|Bulgaria|105|Sliven|Vein|Depleted|500-1,000
4|Bulgaria|106|Smolian|Volcanic|Closed|2,500-5,000
5|Bulgaria|107|Smolianovtzi|Sandstone-Tabular|Depleted|1,000-2,500
6|Bulgaria|1245|Zdravetz|Vein|Dormant|1,000-2,500
7|Cameroon|155|Kitongo|Metasomatite|Exploration|10,000-25,000
8|Canada|1247|Abeta|Quartz-pebble|Dormant|2,500-5,000
10|Canada|981|Ace-Fay-Verna|Vein|Depleted|10,000-25,000
11|Canada|109|Agnew Lake|Quartz-pebble|Depleted|2,500-5,000
13|Canada|1138|Allied Zones|Intrusive|Dormant|2,500-5,000
14|Canada|982|Andrew Lake|Unconformity-Proterozoic|Feasibility study|10,000-25,000
16|Canada|1139|Apple|Quartz-pebble|Dormant|2,500-5,000
18|Canada|1038|Axe Lake|Intrusive|Unknown|500-1,000
19|Canada|1039|Baie Johan Beetz|Intrusive|Unknown|10,000-25,000
20|Canada|1248|Banana Lake|Quartz-pebble|Unknown|25,000-50,000
22|Canada|111|Bancroft|Intrusive|Dormant|2,500-5,000
23|Canada|1041|Bicroft|Intrusive|Depleted|1,000-2,500
24|Canada|1042|BJ|Unconformity-Proterozoic|Dormant|UNKNOWN
26|Canada|112|Blizzard|Sandstone-Basal Channel|Dormant|2,500-5,000
27|Canada|1043|Blue Rock|Intrusive|Unknown|UNKNOWN
28|Canada|983|Bong Grid|Unconformity-Proterozoic|Exploration|1,000-2,500
30|Canada|1141|Buckels|Quartz-pebble|Closed|500-1,000
32|Canada|1142|Calumet-Contact|Metasomatite|Unknown|500-1,000
33|Canada|1048|Canadian Dyno|Intrusive|Closed|1,000-2,500
34|Canada|1143|Can-Met|Quartz-pebble|Closed|5,000-10,000
36|Canada|1249|Capri 2|Intrusive|Unknown|< 500
37|Canada|984|Caribou|Unconformity-Proterozoic|Dormant|1,000-2,500
39|Canada|993|Cayzor|Vein|Depleted|500-1,000
40|Canada|1051|Centennial|Unconformity-Proterozoic|Exploration|UNKNOWN
42|Canada|113|Cigar Lake|Unconformity-Proterozoic|Development|> 100,000
44|Canada|114|Cluff Lake: Claude|Unconformity-Proterozoic|Depleted|10,000-25,000
46|Canada|117|Cluff Lake: D|Unconformity-Proterozoic|Depleted|2,500-5,000
48|Canada|999|Cluff Lake: Dominique-|Unconformity-Proterozoic|Depleted|1,000-2,500
50|Canada|998|Cluff Lake: Dominique-|Unconformity-Proterozoic|Depleted|10,000-25,000
52|Canada|115|Cluff Lake: N|Unconformity-Proterozoic|Depleted|1,000-2,500
54|Canada|1250|Cluff Lake: OP|Unconformity-Proterozoic|Depleted|1,000-2,500
56|Canada|116|Collins Bay A|Unconformity-Proterozoic|Closed|5,000-10,000
58|Canada|1000|Collins Bay B|Unconformity-Proterozoic|Depleted|10,000-25,000
60|Canada|1001|Collins Bay D|Unconformity-Proterozoic|Depleted|10,000-25,000
62|Canada|1251|Conecho|Quartz-pebble|Dormant|1,000-2500
64|Canada|1058|Cup Lake|Sandstone-Basal Channel|Dormant|< 500
65|Canada|118|Dawn Lake|Unconformity-Proterozoic|Dormant|2,500-5,000
2|Canada|126|Deilmann|Unconformity-Proterozoic|Depleted|25,000-50,000
4|Canada|119|Denison|Quartz-pebble|Closed|> 100,000
6|Canada|1252|Double S|Intrusive|Exploration|5,000-10,000
7|Canada|122|Eagle Point|Unconformity-Proterozoic|Operating|25,000-50,000
9|Canada|1145|Eco Ridge Mine (Elliot|Quartz-pebble|Exploration|10,000-25,000
11|Canada|1010|Eldorado (Port Radium)|Vein|Depleted|2,500-5,000
12|Canada|123|Eldorado-Hab|Vein|Depleted|500-1,000
13|Canada|1064|Empire B Zone|Intrusive|Unknown|500-1,000
14|Canada|985|End Grid|Unconformity-Proterozoic|Feasibility study|10,000-25,000
16|Canada|1065|Fish Hook Bay Mine|Vein|Depleted|< 500
17|Canada|986|Fond du Lac|Unconformity-Proterozoic|Dormant|< 500
19|Canada|1253|Gaertner|Unconformity-Proterozoic|Depleted|25,000-50,000
21|Canada|1067|Gear|Volcanic|Dormant|< 500
22|Canada|120|Greyhawk|Intrusive|Closed|500-1,000
23|Canada|124|Gunnar|Vein|Depleted|10,000-25,000
24|Canada|1069|Hab|Vein|Depleted|500-1,000
25|Canada|1147|Haynes|Sandstone-Basal Channel|Dormant|500-1,000
26|Canada|988|Horseshoe|Unconformity-Proterozoic|Exploration|5,000-10,000
28|Canada|121|Houseshol|Unknown|Unknown|5,000-10,000
29|Canada|1148|Hydraulic Lake|Sandstone-Basal Channel|Dormant|1,000-2,500
30|Canada|1073|Inda|Volcanic|Dormant|500-1,000
31|Canada|1075|Jacques Lake|Volcanic|Exploration|5,000-10,000
32|Canada|125|Jeb|Unconformity-Proterozoic|Depleted|1,000-2,500
34|Canada|1003|Kiggavik Centre|Unconformity-Proterozoic|Feasibility study|2,500-5,000
36|Canada|1004|Kiggavik East|Unconformity-Proterozoic|Feasibility study|500-1,000
38|Canada|127|Kiggavik Main|Unconformity-Proterozoic|Feasibility study|10,000-25,000
40|Canada|128|Kitts|Volcanic|Dormant|1,000-2,500
41|Canada|1150|L|Unconformity-Proterozoic|Dormant|1,000-2,500
43|Canada|1078|Lac Cinquante|Vein|Exploration|2,500-5,000
44|Canada|1152|Lac Gayot|Other|Exploration|25,000-50,000
45|Canada|137|Lacnor|Quartz-pebble|Depleted|5,000-10,000
47|Canada|1079|Lake Cinch Mine|Vein|Dormant|< 500
48|Canada|1080|LaRocque Lake|Unconformity-Proterozoic|Dormant|1,000-2,500
50|Canada|129|Lorado|Vein|Dormant|500-1,000
51|Canada|130|Madawaska|Intrusive|Closed|2,500-5,000
52|Canada|1083|Matoush|Other|Development|5,000-10,000
53|Canada|131|Maurice Bay|Unconformity-Proterozoic|Dormant|500-1,000
55|Canada|991|Maverick Zone|Unconformity-Proterozoic|Exploration|UNKNOWN
57|Canada|989|Maybelle River|Unconformity-Proterozoic|Exploration|UNKNOWN
59|Canada|132|McArthur River|Unconformity-Proterozoic|Operating|> 100,000
61|Canada|133|McClean Lake (N, SE,|Unconformity-Proterozoic|Dormant|10,000-25,000
63|Canada|134|Michelin|Volcanic|Exploration|25,000-50,000
64|Canada|135|Midwest|Unconformity-Proterozoic|Dormant|10,000-25,000
66|Canada|1082|Midwest A|Unconformity-Proterozoic|Exploration|2,500-5,000
2|Canada|1254|Millaqua|Quartz-pebble|Dormant|2,500-5,000
4|Canada|990|Millennium|Unconformity-Proterozoic|Exploration|10,000-25,000
6|Canada|142|Milliken|Quartz-pebble|Dormant|5,000-10,000
8|Canada|1088|Mont Laurier|Intrusive|Exploration|< 500
9|Canada|1090|Moran C|Vein|Exploration|2,500-5,000
10|Canada|1091|Mountain Lake|Sandstone-Tabular|Dormant|2,500-5,000
11|Canada|1093|Nash|Volcanic|Exploration|500-1,000
12|Canada|136|Nordic|Quartz-pebble|Dormant|10,000-25,000
14|Canada|1298|North Shore Double S|Intrusive|Exploration|5,000-10,000
16|Canada|1299|North Shore Middle|Intrusive|Exploration|5,000-10,000
18|Canada|1300|North Shore TJ Zone|Intrusive|Exploration|2,500-5,000
19|Canada|992|P Patch|Unconformity-Proterozoic|Exploration|5,000-10,000
21|Canada|138|Panel|Quartz-pebble|Unknown|10,000-25,000
23|Canada|1100|Paul Bay|Unconformity-Proterozoic|Dormant|5,000-10,000
25|Canada|140|Pronto|Quartz-pebble|Depleted|1,000-2,500
27|Canada|141|Quirke|Quartz-pebble|Closed|25,000-50,000
29|Canada|143|Rabbit Lake|Unconformity-Proterozoic|Depleted|10,000-25,000
31|Canada|1102|Rainbow|Volcanic|Exploration|1,000-2,500
32|Canada|144|Raven|Unconformity-Proterozoic|Exploration|2,500-5,000
34|Canada|1155|Rayrock|Vein|Depleted|< 500
35|Canada|145|Rexspar|Volcanic|Dormant|500-1,000
36|Canada|994|Shea Creek Anne|Unconformity-Proterozoic|Exploration|UNKNOWN
38|Canada|995|Shea Creek Colette|Unconformity-Proterozoic|Exploration|UNKNOWN
40|Canada|996|Shea Creek Kianna|Unconformity-Proterozoic|Exploration|UNKNOWN
42|Canada|1255|Silvermaque|Quartz-pebble|Unknown|2,500-5,000
44|Canada|139|Spanish American|Quartz-pebble|Closed|2,500-5,000
46|Canada|147|Stanleigh|Quartz-pebble|Closed|25,000-50,000
48|Canada|1156|Stanrock|Quartz-pebble|Unknown|5,000-10,000
50|Canada|148|Sue A|Unconformity-Proterozoic|Dormant|500-1,000
52|Canada|1005|Sue B|Unconformity-Proterozoic|Dormant|500-1,000
54|Canada|1006|Sue C|Unconformity-Proterozoic|Depleted|10,000-25,000
56|Canada|1256|Sue CQ|Unconformity-Proterozoic|Unknown|UNKNOWN
58|Canada|1007|Sue D|Unconformity-Proterozoic|Dormant|1,000-2,500
60|Canada|1008|Sue E|Unconformity-Proterozoic|Dormant|2,500-5,000
62|Canada|1110|Tamarack|Unconformity-Proterozoic|Dormant|5,000-10,000
64|Canada|1111|Thorburn Lake|Unconformity-Proterozoic|Dormant|500-1,000
66|Canada|1114|Tyee|Sandstone-Basal Channel|Dormant|500-1,000
67|Canada|149|West Bear|Unconformity-Proterozoic|Dormant|500-1,000
1|China|158.0|Baiyanghe, Junggar-|Volcanic|Depleted|500-1,000
3|China|156.0|Bashibulak, Junggar-|Sandstone-Tabular|Exploration|2,500-5,000
5|China|157.0|Beimianshi, South|Sandstone-Basal Channel|Dormant|2,500-5,000
7|China|159.0|Bentou, South China U|Other|Exploration|500-1,000
9|China|160.0|Chanziping, South|Other|Exploration|2,500-5,000
11|China|162.0|Chengzishan,|Sandstone-Basal Channel|Dormant|5,000-10,000
14|China|161.0|Chenjiazhung|Intrusive|Exploration|500-1,000
17|China|163.0|Daladi, Junggar-Tien|Lignite|Depleted|500-1,000
19|China|164.0|Guixi, South China U|Volcanic|Depleted|500-1,000
21|China|165.0|Guyuan, Yinshan-|Volcanic|Exploration|2,500-5,000
23|China|166.0|Hongshiquan, Qilian-|Intrusive|Exploration|500-1,000
25|China|167.0|Jiling, Qilian-Quiling U|Vein|Exploration|500-1,000
27|China|168.0|Jinyinzhai|Vein|Depleted|5,000-10,000
28|China|169.0|Kujie'ertai, Junggar-|Sandstone-Roll Front|Operating|10,000-25,000
30|China|170.0|Lianshanguan, Yinshan-|Vein|Operating|2,500-5,000
32|China|171.0|Mengqiuguer, Junggar-|Lignite|Depleted|500-1,000
34|China|172.0|Nuheting, Yinshan-|Sandstone-Tabular|Exploration|10,000-25,000
36|China|173.0|Puquitang|Sandstone-Tabular|Depleted|500-1,000
37|China|174.0|Quinglong, Yinshan-|Sandstone-Basal Channel|Dormant|5,000-10,000
39|China|1120.0|Shihongtan, Junggar-|Sandstone-Roll Front|Operating|2,500-5,000
41|China|175.0|Tengchong, West|Sandstone-Roll Front|Operating|2,500-5,000
43|China|176.0|Xiangcao|Sandstone-Roll Front|Exploration|1,000-2,500
44|China|180.0|Xiangshan|Volcanic|Operating|10,000-25,000
47|China|179.0|Xiazhuang (Xiwang),|Vein|Depleted|5,000-10,000
49|China|1121.0|Zaohuohao,Yinshan-|Sandstone-Roll Front|Exploration|5,000-10,000
51|Colombia|1305.0|Berlin|Black Shales|Exploration|2,500-5,000
52|Czech Republic|181.0|Brevniste|Sandstone-Tabular|Depleted|10,000-25,000
53|Czech Republic|183.0|Dylen|Vein|Depleted|2,500-5,000
54|Czech Republic|184.0|Hamr|Sandstone-Tabular|Dormant|25,000-50,000
55|Czech Republic|185.0|Horni Slavkov|Vein|Depleted|2,500-5,000
56|Czech Republic|186.0|Hvezdov|Sandstone-Tabular|Dormant|10,000-25,000
57|Czech Republic|187.0|Jachymov|Vein|Depleted|10,000-25,000
2|Czech Republic|189|Javornik-Zalesi|Vein|Depleted|2,500-5,000
3|Czech Republic|190|Licomerice-Brezinka|Vein|Depleted|2,500-5,000
4|Czech Republic|191|Mimon|Sandstone-Tabular|Depleted|10,000-25,000
5|Czech Republic|192|Okrouhla Radoun|Vein||2,500-5,000Depleted
6|Czech Republic|193|Olsi|Vein||2,500-5,000Depleted
7|Czech Republic|194|Osecna-Kotel|Sandstone-Tabular|Dormant|25,000-50,000
8|Czech Republic|182|Polna|Vein|Dormant|1,000-2,500
9|Czech Republic|1160|Predborice|Vein|Depleted|< 500
10|Czech Republic|195|Pribram|Vein|Depleted|25,000-50,000
11|Czech Republic|196|Rozna|Vein|Operating|10,000-25,000
12|Czech Republic|1161|Slavkovice-Petrovice|Vein|Depleted|< 500
13|Czech Republic|1158|Sokolov Tertiary Basin|Lignite|Dormant|1,000-2,500
14|Czech Republic|197|Straz|Sandstone-Tabular|Operating|25,000-50,000
15|Czech Republic|198|Vitkov II|Vein|Depleted|10,000-25,000
16|Czech Republic|199|Vnitrosudetska Panev|Other|Depleted|2,500-5,000
17|Czech Republic|200|Zadni Chodov|Vein|Depleted|10,000-25,000
18|Congo|1163|Kalongwe|Vein|Dormant|< 500
20|Congo|1164|Kambove West|Vein|Depleted|1,000-2,500
22|Congo|433|Kamoto Principal|Vein|Dormant|1,000-2,500
24|Congo|434|Kasompi East|Vein|Dormant|500-1,000
26|Congo|1165|Luena Basin|Lignite|Dormant|5,000-10,000
28|Congo|1166|Musonoi Extension|Vein|Depleted|2,500-5,000
30|Congo|435|Shinkolobwe-Kasolo|Vein|Depleted|25,000-50,000
32|Congo|1167|Swambo|Vein|Dormant|500-1,000
34|Denmark|201|Kvanefjeld|Intrusive|Exploration|25,000-50,000
35|Finland|202|Kesankitunturi|Sandstone-Tabular|Dormant|500-1,000
36|Finland|203|Nuottijarvi|Phosphorite|Dormant|1,000-2,500
37|Finland|204|Pahtavuoma-U|Vein|Dormant|500-1,000
38|Finland|205|Palmottu|Intrusive|Exploration|1,000-2,500
39|Finland|206|Paukkajanvaara|Sandstone-Tabular|Reclaimed|< 500
40|Finland|207|Sokli|Intrusive|Dormant|2,500-5,000
41|Finland|208|Talvivaara|Black Shales|Development|2,500-5,000
42|Finland|209|Vihanti-U|Phosphorite|Reclamation|500-1,000
43|France|1266|Vendee District|Vein|Depleted|1,000-2,500
44|France|956|Ambert (District)|Vein|Depleted|< 500
45|France|1261|Augres|Vein|Depleted|500-1,000
46|France|210|Bellezane|Vein|Depleted|2,500-5,000
47|France|221|Bernardan (Le)|Vein|Depleted|5,000-10,000
48|France|211|Bertholene|Unconformity-Proterozoic|Depleted|500-1,000
50|France|218|Besse (La) District|Vein|Depleted|1,000-2,500
51|France|225|Bois Noirs (Les)|Vein|Depleted|5,000-10,000
52|France|969|Bondons (Les)|Vein|Depleted|< 500
53|France|967|Bretagne (District)|Vein|Depleted|1,000-2,500
54|France|226|Brugeaud (Le)|Vein|Depleted|1,000-2,500
55|France|222|Cellier (Le)-Villeret (Le)|Vein|Depleted|1,000-2,500
56|France|212|Cerilly (District )|Sandstone-Tabular|Depleted|1,000-2,500
57|France|219|Chapelle-Largeau (La)-|Vein|Depleted|500-1,000
59|France|223|Chardon (Le)|Vein|Depleted|2,500-5,000
60|France|958|Chateau-Chinon|Vein|Depleted|< 500
62|France|220|Commanderie (La)|Vein|Depleted|2,500-5,000
63|France|971|Correze (District)|Vein|Depleted|< 500
64|France|213|Coutras|Sandstone-Tabular|Dormant|10,000-25,000
65|France|972|Creuse (District)|Vein|Depleted|500-1,000
2|France|939|Ecarpiere (L')|Vein|Depleted|2,500-5,000
3|France|963|Failles Sud et Centrales|Sandstone-|Depleted|500-1,000
5|France|215|Fanay-Les Sagnes|Vein|Depleted|2,500-5,000
6|France|224|Fraisse (Le)-Les Gorces|Vein|Depleted|1,000-2,500
7|France|216|Grury-Luzy district|Vein|Depleted|500-1,000
8|France|217|Hyverneresse|Vein|Depleted|500-1,000
9|France|230|Lodeve District|Sandstone-|Depleted|500-1,000
11|France|227|Loges (Les)|Vein|Depleted|500-1,000
12|France|1262|Marche District|Vein|Depleted|500-1,000
13|France|961|Mares (Les)|Sandstone-|Depleted|500-1,000
15|France|232|Margnac-Peny|Vein|Depleted|5,000-10,000
16|France|1263|Mas d'Alary|Vein|Depleted|1,000-2,500
17|France|231|Mas Lavayre|Sandstone-|Depleted|10,000-25,000
19|France|233|Montulat|Vein|Dormant|1,000-2,500
20|France|234|Pen Ar Ran|Vein|Depleted|500-1,000
21|France|235|Piegut- La Cote Moreau|Vein|Depleted|< 500
22|France|228|Pierres-Plantees (Les)|Vein|Depleted|1,000-2,500
23|France|237|Saint Hippolyte|Black Shales|Dormant|1,000-2,500
24|France|236|Saint.Pierre Du Cantal|Sandstone-Basal Channel|Depleted|1,000-2,500
25|France|1264|Schaenzel|Black Shales|Dormant|500-1,000
26|France|974|Siege MCO|Vein|Depleted|1,000-2,500
27|France|1265|Teufelsloch-Warik|Black Shales|Dormant|1,000-2,500
28|France|965|Venachat|Vein|Depleted|500-1,000
29|Gabon|242|Mounana|Sandstone-|Depleted|5,000-10,000
31|Gabon|239|Bangombe|Sandstone-|Dormant|< 500
33|Gabon|240|Boyindzi|Sandstone-|Depleted|1,000-2,500
35|Gabon|241|Mikouloungou|Sandstone-|Depleted|1,000-2,500
37|Gabon|243|Okelobondo Nord|Sandstone-|Depleted|1,000-2,500
39|Gabon|900|Okelobondo Satellite|Sandstone-Tabular|Depleted|< 500
41|Gabon|899|Okelobondo Satellite|Sandstone-Tabular|Depleted|< 500
43|Gabon|898|Okelobondo Sud|Sandstone-|Depleted|1,000-2,500
45|Gabon|244|Oklo|Sandstone-|Depleted|10,000-25,000
47|Germany|245|Annaberg|Vein|Depleted|500-1,000
48|Germany|246|Antonsthal (Weisser|Vein|Depleted|500-1,000
50|Germany|247|Culmitzsch|Sandstone-Tabular|Depleted|10,000-25,000
51|Germany|248|Freital-Gittersee|Lignite|Closed|2,500-5,000
52|Germany|249|Grossschloppen|Vein|Dormant|1,000-2,500
53|Germany|250|Johanngeorgenstadt|Vein|Depleted|5,000-10,000
54|Germany|251|Koenigstein|Sandstone-Tabular|Depleted|10,000-25,000
55|Germany|252|Menzenschwand|Vein|Dormant|2,500-5,000
56|Germany|253|Muellenbach|Sandstone-Tabular|Dormant|2,500-5,000
57|Germany|255|Niederschlema-|Vein|Depleted|> 100,000
59|Germany|953|Oberschlema|Vein|Unknown|5,000-10,000
60|Germany|254|Ronneburg Ore Field|Black Shales|Closed|> 100,000
61|Germany|256|Schneckenstein|Vein|Depleted|500-1,000
62|Germany|257|Tellerhauser|Vein|Closed|1,000-2,500
63|Germany|258|Waeldel &|Vein|Dormant|1,000-2,500
66|Germany|259|Zobes|Vein|Depleted|5,000-10,000
2|Guinea|1267|Firawa|Vein|Exploration|UNKNOWN
3|Guyana|1306|Aricheng|Vein|Exploration|2,500-5,000
4|Hungary|260|Mecsek|Sandstone-Tabular|Closed|25,000-50,000
5|India|261|Bhatin|Vein|Operating|1,000-2,500
6|India|262|Domiasat|Sandstone-Tabular|Fully explored|5,000-10,000
7|India|263|Jaduguda|Vein|Operating|5,000-10,000
8|India|264|Koppunuru|Unconformity-Proterozoic|Exploration|500-1,000
10|India|265|Lambapur|Unconformity-Proterozoic|Fully explored|1,000-2,500
12|India|266|Narwapahar|Vein|Operating|10,000-25,000
13|India|273|Peddagattu|Unconformity-Proterozoic|Exploration|5,000-10,000
15|India|268|Rohil|Metasomatite|Exploration|2,500-5,000
16|India|269|Tummalapalle-|Other|Operating|10,000-25,000
18|India|270|Turamdih|Vein|Operating|2,500-5,000
19|India|272|Wahkyn|Sandstone-Tabular|Exploration|2,500-5,000
20|Indonesia|954|Lemajung|Vein|Dormant|500-1,000
21|Indonesia|274|Remaja-Hitam|Vein|Dormant|1,000-2,500
22|Indonesia|267|Rirang|Vein|Dormant|< 500
23|Iran|275|Saghand|Metasomatite|Development|1,000-2,500
25|Italy|276|Novazza|Volcanic|Dormant|1,000-2,500
26|Italy|955|Valvedello|Volcanic|Dormant|2,500-5,000
27|Japan|281|Ningyo-Toge Ore Field|Sandstone-Roll Front|Dormant|1,000-2,500
28|Japan|282|Tono Ore Field|Sandstone-Roll Front|Dormant|5,000-10,000
29|Jordan|277|Al-Abiad|Phosphorite|Dormant|UNKNOWN
30|Jordan|278|Al-Hassa|Phosphorite|Dormant|UNKNOWN
31|Jordan|279|Eshidia|Phosphorite|Dormant|UNKNOWN
32|Jordan|280|Ruseita|Phosphorite|Dormant|UNKNOWN
33|Jordan|1168|Siwaqa|Phosphorite|Dormant|25,000-50,000
34|Kazakhstan|283|Agashskoe|Vein|Dormant|5,000-10,000
35|Kazakhstan|1169|Akdala|Unknown|Unknown|10,000-25,000
36|Kazakhstan|285|Assarchik|Sandstone-Roll Front|Dormant|10,000-25,000
37|Kazakhstan|286|Balkashinskoye|Vein|Dormant|2,500-5,000
38|Kazakhstan|288|Bezymyannoye|Volcanic|Dormant|500-1,000
39|Kazakhstan|289|Botaburum|Vein|Depleted|5,000-10,000
40|Kazakhstan|290|Budennovskoye|Sandstone-Roll Front|Standby|25,000-50,000
41|Kazakhstan|291|Burlukskoye|Vein|Dormant|2,500-5,000
42|Kazakhstan|292|Chaglinskoye|Vein|Dormant|10,000-25,000
43|Kazakhstan|293|Chayan|Sandstone-Roll Front|Dormant|500-1,000
44|Kazakhstan|294|Daba|Volcanic|Dormant|5,000-10,000
45|Kazakhstan|295|Dergachevskoye|Vein|Depleted|500-1,000
46|Kazakhstan|297|Djusandalynskoye|Vein|Partially explored|5,000-10,000
47|Kazakhstan|298|Dzhidely|Volcanic|Depleted|2,500-5,000
48|Kazakhstan|299|Fevralskoe|Vein|Dormant|2,500-5,000
49|Kazakhstan|300|Glubinnoe|Vein|Dormant|5,000-10,000
50|Kazakhstan|301|Grachevskoye|Vein|Depleted|10,000-25,000
51|Kazakhstan|302|Granitnoye|Surficial|Dormant|500-1,000
52|Kazakhstan|303|Inkai|Sandstone-Roll Front|Development|50,000-100,000
53|Kazakhstan|304|Irkol|Sandstone-Roll Front|Dormant|25,000-50,000
54|Kazakhstan|305|Ishimskoye|Vein|Depleted|5,000-10,000
55|Kazakhstan|306|Kamyshevoe|Vein|Dormant|10,000-25,000
56|Kazakhstan|307|Kanzhugan|Sandstone-Roll Front|Operating|50,000-100,000
57|Kazakhstan|308|Karakoyn|Sandstone-Roll Front|Dormant|UNKNOWN
58|Kazakhstan|309|Karamurun North|Sandstone-Roll Front|Operating|25,000-50,000
59|Kazakhstan|310|Karamurun South|Sandstone-Roll Front|Operating|25,000-50,000
60|Kazakhstan|311|Karyntarynskoye|Phosphorite|Dormant|UNKNOWN
2|Kazakhstan|317|Kostobe|Volcanic|Depleted|500-1,000
3|Kazakhstan|320|Kurdai|Vein|Depleted|1,000-2,500
4|Kazakhstan|322|Kyzylkol|Vein|Depleted|500-1,000
5|Kazakhstan|321|Kyzylsai|Vein|Depleted|2,500-5,000
6|Kazakhstan|323|Kyzyltu|Sandstone-Roll Front|Dormant|10,000-25,000
7|Kazakhstan|325|Lunnoye|Sandstone-Roll Front|Dormant|500-1,000
8|Kazakhstan|326|Manybai|Vein|Depleted|10,000-25,000
9|Kazakhstan|327|Melovoye|Phosphorite|Depleted|25,000-50,000
10|Kazakhstan|328|Moynkum|Sandstone-Roll Front|Operating|50,000-100,000
11|Kazakhstan|329|Mynkuduk|Sandstone-Roll Front|Operating|> 100,000
12|Kazakhstan|330|Nizhneylyiskoye|Lignite|Dormant|25,000-50,000
13|Kazakhstan|332|Panfilovskoye|Vein|Dormant|1,000-2,500
14|Kazakhstan|333|Semizbai|Sandstone-Basal Channel|Dormant|10,000-25,000
15|Kazakhstan|334|Shatskoe|Vein|Dormant|500-1,000
16|Kazakhstan|335|Shokpak|Vein|Dormant|2,500-5,000
17|Kazakhstan|336|Sholak-Espe|Sandstone-Roll Front|Dormant|5,000-10,000
18|Kazakhstan|337|Shorly|Volcanic|Dormant|1,000-2,500
19|Kazakhstan|338|Slavyanskoye|Vein|Dormant|5,000-10,000
20|Kazakhstan|1170|South Inkai|Sandstone-Roll Front|Operating|10,000-25,000
21|Kazakhstan|339|Suluchekinskoye|Sandstone-Roll Front|Dormant|25,000-50,000
22|Kazakhstan|341|Talas|Sandstone-Basal Channel|Dormant|500-1,000
23|Kazakhstan|342|Tasmurunskoye|Phosphorite|Dormant|2,500-5,000
24|Kazakhstan|343|Tastykolskoye|Vein|Depleted|1,000-2,500
25|Kazakhstan|344|Taybagarskoye|Phosphorite|Dormant|5,000-10,000
26|Kazakhstan|345|Tomakskoye|Phosphorite|Dormant|5,000-10,000
27|Kazakhstan|942|Tortkuduk|Sandstone-Roll Front|Development|25,000-50,000
28|Kazakhstan|346|Ulken-Akzhal|Volcanic|Dormant|1,000-2,500
29|Kazakhstan|347|Uvanas|Sandstone-Roll Front|Operating|10,000-25,000
30|Kazakhstan|348|Victorovskoe|Vein|Dormant|2,500-5,000
31|Kazakhstan|349|Vostok|Vein|Operating|10,000-25,000
32|Kazakhstan|350|Yuzhno-Manybayskoe|Vein|Dormant|500-1,000
33|Kazakhstan|353|Zaozernoye|Vein|Dormant|10,000-25,000
34|Kazakhstan|352|Zarechnoye|Sandstone-Roll Front|Development|10,000-25,000
35|Kazakhstan|354|Zhalpak|Sandstone-Roll Front|Dormant|10,000-25,000
36|Kazakhstan|355|Zhautkan|Sandstone-Roll Front|Dormant|2,500-5,000
37|Kazakhstan|356|Zvyozdnoe|Vein|Development|5,000-10,000
38|South Korea|436|Ogcheon Deposits|Black Shales|Dormant|10,000-25,000
39|Kyrgyzstan|1171|Aramsu|Unknown|Exploration|UNKNOWN
40|Kyrgyzstan|357|Mailisai|Vein|Depleted|500-1,000
41|Kyrgyzstan|358|Mailisu|Vein|Depleted|1,000-2,500
42|Kyrgyzstan|359|Shakaptar|Vein|Depleted|500-1,000
43|Kyrgyzstan|1174|Sogul|Black Shales|Exploration|UNKNOWN
44|Kyrgyzstan|1175|Sumsar|Unknown|Exploration|UNKNOWN
45|Kyrgyzstan|360|Turakovak|Lignite|Depleted|2,500-5,000
46|Madagascar|361|Antsirabe|Sandstone-Tabular|Dormant|< 500
47|Madagascar|362|Folakara|Sandstone-Roll Front|Dormant|5,000-10,000
48|Madagascar|363|Tranomaro|Intrusive|Exploration|1,000-2,500
49|Malawi|1268|Kanyika|Intrusive|Exploration|2,500-5,000
50|Malawi|372|Kayelekera|Sandstone-Tabular|Development|5,000-10,000
51|Mali|1176|Falea|Sandstone-Roll Front|Exploration|2,500-5,000
52|Mauritania|1177|Bir En Nar|Vein|Exploration|UNKNOWN
53|Mexico|364|Coneto|Volcanic|Dormant|500-1,000
54|Mexico|365|El Chapote-Diana|Sandstone-Roll Front|Dormant|1,000-2,500
55|Mexico|369|El Nopal|Volcanic|Dormant|1,000-2,500
56|Mexico|366|La Coma|Sandstone-Roll Front|Dormant|500-1,000
57|Mexico|367|La Sierrita|Sandstone-Roll Front|Dormant|2,500-5,000
58|Mexico|368|Los Amoles|Volcanic|Dormant|1,000-2,500
59|Mexico|370|Santa Catarina Tayata|Volcanic|Dormant|< 500
60|Mexico|371|Santo Domingo|Phosphorite|Dormant|50,000-100,000
61|Mongolia|373|Dornod (District)|Volcanic|Dormant|25,000-50,000
62|Mongolia|374|Gurvanbulak|Volcanic|Dormant|10,000-25,000
63|Mongolia|1178|Khairkhan|Sandstone-Tabular|Exploration|2,500-5,000
64|Mongolia|375|Kharat|Sandstone-Tabular|Dormant|10,000-25,000
2|Mongolia|376|Mardaingol|Volcanic|Dormant|1,000-2,500
3|Mongolia|377|Nars|Sandstone-Tabular|Dormant|2,500-5,000
4|Mongolia|378|Nemer|Volcanic|Dormant|2,500-5,000
5|Mongolia|1179|Ulaan Nuur|Sandstone-Tabular|Exploration|5,000-10,000
6|Morocco|379|Gantour, Ganntour|Phosphorite|Dormant|25,000-50,000
7|Morocco|380|Khouribga (Uran)|Phosphorite|Dormant|25,000-50,000
8|Morocco|381|Meskala (Uran)|Phosphorite|Dormant|25,000-50,000
9|Morocco|382|Oued Eddahab (Uran)|Phosphorite|Dormant|25,000-50,000
10|Namibia|383|Auris|Intrusive|Dormant|500-1,000
11|Namibia|1180|Aussinanis|Surficial|Exploration|2,500-5,000
12|Namibia|384|Engo Valley|Sandstone-Basal Channel|Exploration|1,000-2500
13|Namibia|1269|Garnet Valley|Intrusive|Exploration|10,000-25,000
14|Namibia|385|Goanikontes|Intrusive|Dormant|5,000-10,000
15|Namibia|1181|Goanikontes Anomaly A|Intrusive|Exploration|25,000-50,000
16|Namibia|386|Hakskeen|Surficial|Dormant|500-1,000
17|Namibia|1182|Ida Central|Intrusive|Exploration|1,000-2,500
18|Namibia|1183|Klein Spitzkoppe|Unknown|Unknown|1,000-2,500
19|Namibia|387|Klein Trekkopje|Surficial|Development|25,000-50,000
20|Namibia|388|Langer Heinrich|Surficial|Operating|25,000-50,000
21|Namibia|1184|Marenica|Surficial|Exploration|5,000-10,000
22|Namibia|389|Mile 72|Surficial|Dormant|< 500
23|Namibia|1270|Namib Park|Surficial|Exploration|2,500-5,000
24|Namibia|1271|New Camp|Intrusive|Exploration|1,000-2,500
25|Namibia|1272|Oryx|Surficial|Exploration|2,500-5,000
26|Namibia|1273|Oryx extension|Surficial|Exploration|500-1,000
27|Namibia|1307|Oshively|Intrusive|Exploration|2,500-5,000
28|Namibia|390|Roessing|Intrusive|Operating|> 100,000
29|Namibia|1274|Rossing South|Intrusive|Exploration|25,000-50,000
30|Namibia|1185|Trekkopje|Surficial|Development|2,500-5,000
31|Namibia|1186|Tubas|Surficial|Exploration|10,000-25,000
32|Namibia|391|Tumas|Surficial|Exploration|2,500-5,000
33|Namibia|392|Valencia|Intrusive|Exploration|10,000-25,000
34|Niger|404|Abakorum|Sandstone-Tabular|Dormant|10,000-25,000
35|Niger|396|Akola|Sandstone-Tabular|Operating|25,000-50,000
36|Niger|397|Akouta Nord|Sandstone-Tabular|Operating|25,000-50,000
37|Niger|398|Akouta Sud|Sandstone-Tabular|Dormant|10,000-25,000
38|Niger|1187|Arcadie|Sandstone-Tabular|Dormant|5,000-10,000
39|Niger|1188|Argus|Sandstone-Tabular|Dormant|1,000-2,500
40|Niger|399|Ariege|Sandstone-Tabular|Operating|10,000-25,000
41|Niger|401|Arlette|Sandstone-Tabular|Depleted|10,000-25,000
42|Niger|403|Artois|Sandstone-Tabular|Development|10,000-25,000
43|Niger|1189|Azelik|Sandstone-Tabular|Exploration|10,000-25,000
44|Niger|897|Ebala|Sandstone-Tabular|Exploration|25,000-50,000
45|Niger|394|Ebba Nord|Sandstone-Tabular|Development|10,000-25,000
46|Niger|395|Ebba Sud|Sandstone-Tabular|Development|5,000-10,000
47|Niger|405|Imouraren|Sandstone-Roll Front|Development|> 100,000
48|Niger|1275|In Gall|Sandstone-Tabular|Exploration|1,000-2,500
49|Niger|1190|Madaouela|Sandstone-Tabular|Exploration|5,000-10,000
50|Niger|895|Marianne|Sandstone-Roll Front|Exploration|2,500-5,000
51|Niger|896|Marthe|Sandstone-Roll Front|Exploration|UNKNOWN
52|Niger|894|Maryline|Sandstone-Roll Front|Exploration|2,500-5,000
53|Niger|1191|Nord Somair|Sandstone-Tabular|Dormant|10,000-25,000
54|Niger|890|Tabelle|Sandstone-Tabular|Development|2,500-5,000
55|Niger|892|Takriza|Sandstone-Tabular|Depleted|5,000-10,000
56|Niger|893|Tamgak|Sandstone-Tabular|Exploration|25,000-50,000
57|Niger|407|Tamou|Sandstone-Tabular|Operating|10,000-25,000
58|Niger|1192|Taossa|Sandstone-Tabular|Dormant|2,500-5,000
59|Niger|408|Taza Nord|Sandstone-Tabular|Depleted|2,500-5,000
60|Niger|891|Taza Sud|Sandstone-Tabular|Depleted|5,000-10,000
61|Niger|1193|Teguidda|Sandstone-Tabular|Dormant|10,000-25,000
62|Pakistan|409|Baghal Chur|Sandstone-Roll Front|Depleted|< 500
63|Pakistan|410|Qabul Khel|Sandstone-Tabular|Development|500-1,000
64|Paraguay|1195|Yuti|Volcanic|Exploration|2,500-5,000
2|Peru|411|Colquijirca|Other|500-1,000Dormant
3|Peru|1196|Corachapi|Volcanic|2,500-5,000Exploration
4|Peru|412|Macusani District|Volcanic|2,500-5,000Exploration
5|Peru|413|Turmalina|Collapse Breccia Pipe|500-1,000Dormant
6|Peru|414|Vilacabamba|Vein|500-1,000Dormant
7|Poland|415|Gzmiaca|Sandstone-Tabular|Dormant|1,000-2,500
8|Poland|416|Kowary|Vein|Dormant|500-1,000
9|Poland|417|Krynica Morska|Sandstone-Tabular|Dormant|2,500-5,000
10|Poland|418|Okrzeszyn|Other|Dormant|1,000-2,500
11|Poland|419|Radoniow|Vein|Dormant|500-1,000
12|Poland|420|Rajsk|Black Shales|Dormant|5,000-10,000
13|Poland|421|Wambierzyce|Black Shales|Dormant|1,000-2,500
14|Portugal|422|Bica|Vein|Depleted|UNKNOWN
15|Portugal|423|Castelejo|Vein|Depleted|UNKNOWN
16|Portugal|424|Chavelhos|Vein|Dormant|UNKNOWN
17|Portugal|425|Cunha Baixa|Vein|Depleted|UNKNOWN
18|Portugal|426|Freixiosa|Vein|Dormant|UNKNOWN
19|Portugal|427|Mestras|Vein|Dormant|UNKNOWN
20|Portugal|428|Nisa|Vein|Dormant|2,500-5,000
21|Portugal|429|Pedreiros|Vein|Depleted|UNKNOWN
22|Portugal|430|Pinhal Do Souto|Vein|Dormant|UNKNOWN
23|Portugal|431|Quinta Do Bispo|Vein|Depleted|UNKNOWN
24|Portugal|432|Urgeirica|Vein|Depleted|1,000-2,500
25|Romania|437|Arieseni|Vein|Closed|500-1,000
26|Romania|438|Avram Iancu|Vein|Closed|500-1,000
27|Romania|439|Baita Bihor|Sandstone-Tabular|Closed|10,000-25,000
28|Romania|440|Bicazu Ardelean|Vein|Dormant|500-1,000
29|Romania|441|Botusana|Vein|Closed|1,000-2,500
30|Romania|442|Budurease|Sandstone-Tabular|Fully explored|500-1,000
31|Romania|443|Ciudanovita|Sandstone-Tabular|Depleted|500-1,000
32|Romania|444|Conop|Vein|Dormant|500-1,000
33|Romania|445|Crucea|Vein|Operating|2,500-5,000
34|Romania|446|Dobrei North|Sandstone-Tabular|Closed|500-1,000
35|Romania|447|Dobrei South|Sandstone-Tabular|Operating|1,000-2,500
36|Romania|448|Hojda Magura|Vein|Dormant|500-1,000
37|Romania|450|Ilisova|Volcanic|Dormant|500-1,000
38|Romania|451|Milova|Vein|Dormant|500-1,000
39|Romania|452|Natra|Sandstone-Tabular|Depleted|500-1,000
40|Romania|453|Paiuseni|Vein|Dormant|500-1,000
41|Romania|454|Rachitele|Sandstone-Tabular|Dormant|500-1,000
42|Romania|455|Ranusa|Sandstone-Tabular|Dormant|1,000-2,500
43|Romania|456|Tulghes|Vein|Operating|5,000-10,000
44|Russia|457|Agdinskoye|Metasomatite|Dormant|1,000-2,500
45|Russia|460|Antei|Vein|Operating|25,000-50,000
46|Russia|461|Argunskoye|Vein|Development|25,000-50,000
47|Russia|463|Badyelskoye|Lignite|Dormant|5,000-10,000
48|Russia|1197|Barun-Ulacha|Volcanic|Dormant|1,000-2,500
49|Russia|466|Belskoje|Lignite|Dormant|5,000-10,000
50|Russia|468|Beryozovoye|Vein|Development|2,500-5,000
51|Russia|469|Beshtau|Vein|Depleted|500-1,000
52|Russia|472|Briketno-Zheltuhinskoye|Lignite|Dormant|5,000-10,000
53|Russia|474|Buyanovskoye|Sandstone-Roll Front|Dormant|5,000-10,000
54|Russia|475|Bykogorskoye|Vein|Depleted|1,000-2,500
55|Russia|477|Bytuguchag|Vein|Depleted|2,500-5,000
56|Russia|478|Chaika|Volcanic|Dormant|2,500-5,000
57|Russia|479|Chaplinskoye|Volcanic|Dormant|2,500-5,000
58|Russia|481|Cherepanovskoye|Surficial|Dormant|2,500-5,000
59|Russia|482|Crystalnoye|Vein|Dormant|2,500-5,000
60|Russia|485|Dalmatovskoye|Sandstone-Basal Channel|Operating|10,000-25,000
61|Russia|483|Dalneye|Volcanic|Dormant|2,500-5,000
62|Russia|484|Dobrovolnoye|Sandstone-Basal Channel|Dormant|5,000-10,000
63|Russia|486|Druzhnoye|Metasomatite|Development|50,000-100,000
64|Russia|487|Dybryn|Sandstone-Basal Channel|Development|2,500-5,000
2|Russia|488|Dzhigda|Unknown|Exploration|2,500-5,000
3|Russia|492|Gornoye|Vein|Development|5,000-10,000
4|Russia|493|Imskoye|Sandstone-Roll Front|Fully explored|10,000-25,000
5|Russia|494|Interesnoye|Metasomatite|Development|2,500-5,000
6|Russia|495|Istochnoe|Sandstone-Basal Channel|Exploration|1,000-2,500
7|Russia|497|Karhu|Unconformity-Proterozoic|Exploration|10,000-25,000
9|Russia|500|Kedrovoye|Sandstone-Roll Front|Dormant|2,500-5,000
10|Russia|503|Khiagdinskoye|Sandstone-Basal Channel|Development|10,000-25,000
11|Russia|504|Khokhlovskoye|Sandstone-Basal Channel|Exploration|10,000-25,000
12|Russia|505|Kolichikan|Sandstone-Basal Channel|Development|2,500-5,000
13|Russia|507|Koretkondinskoe|Sandstone-Basal Channel|Exploration|2,500-5,000
14|Russia|508|Kosmozero|Metasomatite|Exploration|2,500-5,000
15|Russia|509|Krasnyi Kamen|Vein|Depleted|500-1,000
16|Russia|512|Labyshkoye|Vein|Dormant|1,000-2,500
17|Russia|513|Lastochka|Volcanic|Dormant|2,500-5,000
18|Russia|515|Luchistoye|Volcanic|Operating|10,000-25,000
19|Russia|516|Malinovskoye|Sandstone-Basal Channel|Exploration|10,000-25,000
20|Russia|517|Malo-Tulukuevskoye|Volcanic|Development|10,000-25,000
21|Russia|518|Martovskoye|Volcanic|Operating|2,500-5,000
22|Russia|520|Meridionalnoye|Vein|Dormant|2,500-5,000
23|Russia|521|Molodezhnoye|Vein|Dormant|2,500-5,000
24|Russia|522|Namaru|Sandstone-Basal Channel|Exploration|2,500-5,000
25|Russia|524|Novogodneye|Vein|Operating|2,500-5,000
26|Russia|526|Oktyabrskoye|Volcanic|Operating|10,000-25,000
27|Russia|527|Olovskoye|Volcanic|Development|10,000-25,000
28|Russia|528|Osenneye|Vein|Dormant|2,500-5,000
29|Russia|530|Prigorodnoye|Sandstone-Roll Front|Dormant|2,500-5,000
30|Russia|531|Primorskoye|Sandstone-Roll Front|Dormant|5,000-10,000
31|Russia|533|Pyatilentneye|Vein|Dormant|2,500-5,000
32|Russia|534|Radionovskoye|Surficial|Dormant|2,500-5,000
33|Russia|537|Repyovskoye|Lignite|Dormant|2,500-5,000
34|Russia|538|Rjabinovoye|Volcanic|Dormant|2,500-5,000
35|Russia|539|Sanarskoye|Surficial|Depleted|2,500-5,000
36|Russia|1238|Severnoe|Metasomatite|Development|50,000-100,000
37|Russia|544|Shirondukuevskoye|Volcanic|Dormant|5,000-10,000
38|Russia|549|Solonechnoye|Volcanic|Dormant|1,000-2,500
39|Russia|550|Srednaya Padma|Metasomatite|Dormant|2,500-5,000
40|Russia|551|Stepnovskoye|Phosphorite|Dormant|10,000-25,000
41|Russia|553|Stepnoye|Sandstone-Tabular|Dormant|10,000-25,000
42|Russia|555|Streltsovskoye|Volcanic|Operating|50,000-100,000
43|Russia|559|Tetrakhskoye|Sandstone-Basal Channel|Exploration|5,000-10,000
44|Russia|562|Tsarevskoye|Metasomatite|Dormant|2,500-5,000
45|Russia|563|Tsentralnoye|Lignite|Dormant|2,500-5,000
46|Russia|564|Tulukuevskoye|Vein|Depleted|25,000-50,000
47|Russia|565|Urulynguevskoye|Vein|Dormant|2,500-5,000
48|Russia|566|Ust-Uyukskoye|Sandstone-Tabular|Dormant|10,000-25,000
49|Russia|567|Verkhnaya Padma|Metasomatite|Partially explored|500-1,000
50|Russia|568|Vershinnoye|Sandstone-Basal Channel|Exploration|5,000-10,000
51|Russia|571|Vesenneye-Padma|Metasomatite|Dormant|500-1,000
52|Russia|569|Vesenneye-Streltsovsk|Volcanic|Dormant|500-1,000
53|Russia|572|Vinogradovskoye|Surficial|Exploration|2,500-5,000
54|Russia|573|Vitlausskoye|Surficial|Dormant|2,500-5,000
55|Russia|576|Yubileinoye|Volcanic|Operating|5,000-10,000
56|Russia|578|Yugo-Zapadonoye|Vein|Dormant|2,500-5,000
57|Russia|489|Yuzhnoe (Elkon;|Metasomatite|Development|> 100,000
61|Russia|580|Zheglovskoe|Sandstone-Basal Channel|Exploration|10,000-25,000
2|Saudi Arabia|1200|Ghurayyah|Intrusive|Exploration|25,000-50,000
3|Senegal|1201|Saraya|Vein|Exploration|1,000-2,500
4|Serbia|852|Cigankulja|Vein|Unknown|500-1,000
5|Serbia|853|Dojkinci|Sandstone-Tabular|Unknown|1,000-2,500
6|Serbia|854|Mezdreja|Vein|Unknown|500-1,000
7|Serbia|855|Paun Stena|Vein|Unknown|500-1,000
8|Serbia|856|Ribarice|Sandstone-Tabular|Unknown|500-1,000
9|Serbia|857|Srednje Brdo|Sandstone-Tabular|Unknown|500-1,000
10|Serbia|858|Srneci Do|Vein|Unknown|1,000-2,500
11|Slovakia|1203|Kuriskova|Volcanic|Exploration|10,000-25,000
12|Slovakia|1204|Novoveska Huta|Volcanic|Exploration|5,000-10,000
13|Slovenia|605|Krivorvsk|Unknown|Unknown|UNKNOWN
14|Slovenia|606|Zirovski Vrh|Sandstone-Roll Front|Dormant|5,000-10,000
15|Somalia|603|Alio Ghelle|Metasomatite|Dormant|5,000-10,000
16|Somalia|604|Dusa Mareb|Surficial|Dormant|5,000-10,000
17|Somalia|1276|Mudug Province|Surficial|Dormant|2,500-5,000
18|South Africa|1208|Beaufort West|Sandstone-Tabular|Unknown|10,000-25,000
19|South Africa|1277|Beisa|Quartz-pebble|Unknown|UNKNOWN
21|South Africa|585|Blyvooruitzicht|Quartz-pebble|Development|UNKNOWN
23|South Africa|586|Buffelsfontein|Quartz-pebble|Development|5,000-10,000
25|South Africa|587|Chemwes-Stilfontein|Quartz-pebble|Dormant|UNKNOWN
27|South Africa|1279|Cooke Section|Quartz-pebble|Unknown|50,000-100,000
29|South Africa|1209|Denny Dalton|Quartz-pebble|Unknown|5,000-10,000
31|South Africa|588|Driefontein Mine|Quartz-pebble|Dormant|UNKNOWN
33|South Africa|1280|East Rand (tailing|Quartz-pebble|Dormant|5,000-10,000
35|South Africa|596|Ezulwini|Quartz-pebble|Development|50,000-100,000
37|South Africa|589|Free State Geduld Mine|Quartz-pebble|Dormant|5,000-10,000
39|South Africa|590|Harmony|Quartz-pebble|Dormant|UNKNOWN
41|South Africa|591|Hartebeestfontein|Quartz-pebble|Operating|5,000-10,000
43|South Africa|1281|Henkries|Quartz-pebble|Dormant|1,000-2,500
45|South Africa|1282|Klerksdorp|Quartz-pebble|Unknown|UNKNOWN
47|South Africa|592|Loraine|Quartz-pebble|Dormant|UNKNOWN
49|South Africa|1207|Mudug Province|Unknown|Unknown|2,500-5,000
50|South Africa|1283|Old Randfontein|Quartz-pebble|Dormant|50,000-100,000
52|South Africa|593|Phalabora|Intrusive|Closed|2,500-5,000
53|South Africa|594|President Brand Mine|Quartz-pebble|Operating|2,500-5,000
55|South Africa|595|President Steyn|Quartz-pebble|Operating|5,000-10,000
57|South Africa|1212|Rietkuil Dominion|Quartz-pebble|Exploration|25,000-50,000
59|South Africa|1213|Ryst Kuil|Sandstone-Basal Channel|Exploration|10,000-25,000
60|South Africa|597|St.Helena (Beisa|Quartz-pebble|Dormant|10,000-25,000
62|South Africa|598|Vaal Reefs Mines|Quartz-pebble|Operating|50,000-100,000
64|South Africa|1286|Vaal River area|Quartz-pebble|Operating|50,000-100,000
66|South Africa|600|Western Area Mine|Quartz-pebble|Closed|UNKNOWN
2|South Africa|601|Western Deep Levels|Quartz-pebble|Dormant|10,000-25,000
4|South Africa|602|Western Holdings|Quartz-pebble|Unknown|UNKNOWN
6|South Africa|599|Western Rand|Quartz-pebble|Development|UNKNOWN
9|Spain|607|Acehuche Ceclavin|Unknown|Unknown|UNKNOWN
10|Spain|608|Alameda|Unknown|Unknown|UNKNOWN
11|Spain|609|Andujar|Vein|Dormant|UNKNOWN
12|Spain|610|Cabeza de Araya|Unknown|Unknown|UNKNOWN
13|Spain|1308|El Olivar|Vein|Exploration|500-1,000
14|Spain|612|El Pedregal|Vein|Dormant|1,000-2,500
15|Spain|613|Ezperanza|Unknown|Unknown|UNKNOWN
16|Spain|1215|Gambuta|Vein|Exploration|2,500-5,000
17|Spain|614|Intermedia|Vein|Dormant|UNKNOWN
18|Spain|615|Mazarete|Sandstone-Tabular|Dormant|2,500-5,000
19|Spain|616|Mina Fe|Vein|Depleted|5,000-10,000
20|Spain|617|Navalmoral|Unknown|Unknown|UNKNOWN
21|Spain|618|Retortillo|Vein|Exploration|2,500-5,000
22|Spain|1309|Santidad|Vein|Exploration|1,000-2,500
23|Spain|619|Villavieja|Unknown|Unknown|UNKNOWN
24|Spain|611|Zarcina|Vein|Dormant|500-1,000
25|Spain|1310|Zona 7|Vein|Exploration|< 500
26|Sweden|620|Arvidsjaur|Metasomatite|Dormant|UNKNOWN
27|Sweden|1217|Bjorkramyran|Vein|Dormant|1,000-2,500
28|Sweden|1218|Duobblon|Volcanic|Dormant|2,500-5,000
29|Sweden|1219|Klappibacken|Vein|Exploration|1,000-2,500
30|Sweden|1220|Kvarnan|Metamorphic|Dormant|1,000-2,500
31|Sweden|1221|Lilljuthatten|Vein|Dormant|1,000-2,500
32|Sweden|1311|MMS Vicken|Black Shales|Exploration|2,500-5,000
33|Sweden|621|Pleutajokk|Metasomatite|Dormant|2,500-5,000
34|Sweden|622|Ranstad|Black Shales|Dormant|50,000-100,000
35|Sweden|1223|Sagtjarn|Intrusive|Dormant|< 500
36|Sweden|1225|Tasjo|Phosphorite|Dormant|25,000-50,000
37|Tajikistan|623|Adrasman|Vein|Depleted|500-1,000
38|Tajikistan|624|Taboshary|Vein|Depleted|1,000-2,500
39|Turkey|628|Demirtepe|Vein|Dormant|1,000-2,500
40|Turkey|629|Fakili|Unknown|Dormant|< 500
41|Turkey|630|Kucukcavdar|Unknown|Dormant|< 500
42|Turkey|631|Manisa-Koprubasi|Sandstone-Basal Channel|Dormant|2,500-5,000
43|Turkey|632|Yozgat-Sorgun|Sandstone-Basal Channel|Dormant|2,500-5,000
44|Turkmenistan|625|Bailik|Black Shales|Dormant|5,000-10,000
45|Turkmenistan|626|Sernoye|Vein|Depleted|5,000-10,000
46|Ukraine|633|Adamovskoye|Other|Dormant|1,000-2,500
47|Ukraine|634|Berekskoye|Other|Dormant|500-1,000
48|Ukraine|635|Bratskoye|Other|Depleted|1,000-2,500
49|Ukraine|636|Chervonoyarskoye|Other|Dormant|500-1,000
50|Ukraine|637|Devladovskoye|Sandstone-Basal Channel|Depleted|1,000-2,500
51|Ukraine|1227|Ingulskii|Metasomatite|Operating|25,000-50,000
52|Ukraine|638|Kalinovskoje|Intrusive|Dormant|5,000-10,000
53|Ukraine|639|Krasnooskol'Skoye|Other|Dormant|500-1,000
54|Ukraine|640|Lozovatskoye|Intrusive|Dormant|1,000-2,500
55|Ukraine|641|Markovskoye|Other|Dormant|1,000-2,500
56|Ukraine|642|Michurinskoje|Metasomatite|Operating|10,000-25,000
57|Ukraine|643|Nickolaevskoye|Sandstone-Basal Channel|Dormant|1,000-2,500
58|Ukraine|644|Nickolo-Kozelskoye|Quartz-pebble|Dormant|1,000-2,500
60|Ukraine|645|Novogoor'Evskoye|Other|Dormant|1,000-2,500
61|Ukraine|646|Pervomayskoye|Vein|Depleted|10,000-25,000
62|Ukraine|647|Sadovoye|Other|Dormant|500-1,000
63|Ukraine|648|Saphonovskoye|Sandstone-Basal Channel|Dormant|2,500-5,000
64|Ukraine|649|Severinskoye|Metasomatite|Dormant|25,000-50,000
2|Ukraine|650|Surskoye|Other|Dormant|1,000-2,500
3|Ukraine|651|Vatutinskoye|Metasomatite|Operating|25,000-50,000
4|Ukraine|652|Yuzhnoye|Intrusive|Dormant|5,000-10,000
5|Ukraine|653|Zheltorechenskoye|Vein|Depleted|10,000-25,000
6|Tanzania|1290|Nyota|Surficial|Exploration|10,000-25,000
8|Tanzania|1288|Henri|Sandstone-Roll Front|Exploration|UNKNOWN
10|Tanzania|1289|Manyoni C1|Surficial|Exploration|5,000-10,000
12|United States|654|Abbe|Sandstone-Tabular|Depleted|< 500
13|United States|655|Alta Mesa|Sandstone-Roll Front|Operating|2,500-5,000
14|United States|656|Alta Verde|Sandstone-Roll Front|Dormant|2,500-5,000
15|United States|924|Alzada|Sandstone-Roll Front|Dormant|1,000-2,500
16|United States|657|Ambrosia Lake (Dysart)|Sandstone-Tabular|Closed|50,000-100,000
17|United States|658|Anderson|Volcanic|Dormant|10,000-25,000
18|United States|659|Arizona 1|Collapse Breccia Pipe|Dormant|1,000-2,500
19|United States|660|Bear Creek|Sandstone-Roll Front|Depleted|2,500-5,000
20|United States|661|Benevides|Sandstone-Roll Front|Depleted|1,000-2,500
21|United States|662|Bernabe-Montano|Sandstone-Tabular|Dormant|5,000-10,000
22|United States|663|Big Buck / Velvet|Sandstone-Tabular|Dormant|2,500-5,000
23|United States|916|Big Eagle|Sandstone-Tabular|Closed|UNKNOWN
24|United States|664|Big Eagle Phase 2 /|Sandstone-Tabular|Dormant|10,000-25,000
26|United States|665|Big Gypsum Creek-|Sandstone-Tabular|Dormant|500-1,000
28|United States|666|Big Red|Sandstone-Roll Front|Dormant|1,000-2,500
29|United States|668|Bison Basin|Sandstone-Roll Front|Depleted|1,000-2,500
30|United States|669|Bokan Mountain|Intrusive||500-1,000Depleted
31|United States|670|Borrego Pass|Sandstone-Roll Front|Dormant|5,000-10,000
32|United States|671|Bruni|Sandstone-Roll Front|Dormant|1,000-2,500
33|United States|672|Buckhingham|Sandstone-Roll Front|Dormant|500-1,000
34|United States|673|Bull Canyon|Sandstone-Tabular|Dormant|1,000-2,500
35|United States|937|Bullfrog|Sandstone-Tabular|Exploration|10,000-25,000
36|United States|674|Burns Ranch|Sandstone-Roll Front|Depleted|1,000-2,500
37|United States|675|Butler-Weddington|Sandstone-Roll Front|Depleted|2,500-5,000
38|United States|676|Calamity-N. Outlaw-|Sandstone-Tabular|Dormant|1,000-2,500
40|United States|927|Canyon|Sandstone-Roll Front|Dormant|1,000-2,500
41|United States|677|Canyon|Collapse Breccia Pipe|Dormant|1,000-2,500
42|United States|678|Carpenter Flats|Sandstone-Tabular|Depleted|< 500
43|United States|679|Cedar Hills|Sandstone-Roll Front|Dormant|1,000-2,500
44|United States|680|Central Florida|Phosphorite|Closed|> 100,000
45|United States|681|Chapman|Sandstone-Roll Front|Dormant|500-1,000
46|United States|682|Charlie|Sandstone-Roll Front|Dormant|1,000-2,500
47|United States|683|Christensen Ranch|Sandstone-Roll Front|Closed|10,000-25,000
48|United States|929|Church Rock Section 17|Sandstone-Roll Front|Dormant|2,500-5,000
49|United States|928|Church Rock Section 8|Sandstone-Roll Front|Dormant|2,500-5,000
50|United States|684|Churchrock|Sandstone-Tabular|Dormant|50,000-100,000
51|United States|685|Churchrock NE|Sandstone-Roll Front|Dormant|10,000-25,000
52|United States|686|Clay West|Sandstone-Roll Front|Depleted|2,500-5,000
53|United States|687|Cliffside (Section 36)|Sandstone-Tabular|Depleted|25,000-50,000
54|United States|910|Collins Draw|Sandstone-Roll Front|Unknown|UNKNOWN
55|United States|688|Copper Mountain|Vein|Dormant|2,500-5,000
56|United States|689|Crooks Gap|Sandstone-Roll Front|Dormant|10,000-25,000
57|United States|690|Crow Butte|Sandstone-Roll Front|Operating|10,000-25,000
58|United States|691|Crownpoint|Sandstone-Tabular|Dormant|25,000-50,000
59|United States|692|Dalton Pass|Sandstone-Tabular|Dormant|5,000-10,000
60|United States|693|Day Loma|Sandstone-Roll Front|Depleted|2,500-5,000
61|United States|917|Desert View / Green|Sandstone-Tabular|Dormant|UNKNOWN
63|United States|694|Dewey Burdock|Sandstone-Roll Front|Development|2,500-5,000
64|United States|695|East Florida District|Phosphorite|Closed|> 100,000
65|United States|696|East Gas Hills|Sandstone-Roll Front|Depleted|2,500-5,000
2|United States|922|Edgemont District|Sandstone-Roll Front|Depleted|UNKNOWN
3|United States|697|EZ-2|Collapse Breccia Pipe|Dormant|500-1,000
4|United States|698|Faith|Collapse Breccia Pipe|Dormant|500-1,000
5|United States|699|Fernandez Main Ranch|Sandstone-Roll Front|Dormant|2,500-5,000
6|United States|1314|FMC Claim|Sandstone-Roll Front|Exploration|1,000-2,500
7|United States|700|Gas Hills Cameco|Sandstone-Roll Front|Development|5,000-10,000
8|United States|901|Grace #1|Sandstone-Tabular|Dormant|UNKNOWN
9|United States|902|Grace #2|Sandstone-Tabular|Dormant|UNKNOWN
10|United States|702|Grover|Sandstone-Roll Front|Dormant|< 500
11|United States|935|Gruy Ranch|Sandstone-Roll Front|Exploration|< 500
12|United States|703|Hack Canyon|Collapse Breccia Pipe|Depleted|2,500-5,000
13|United States|704|Hanson|Sandstone-Basal Channel|Dormant|10,000-25,000
14|United States|705|Happy Jack|Sandstone-Tabular|Depleted|1,000-2,500
15|United States|706|Hauber|Sandstone-Roll Front|Dormant|UNKNOWN
16|United States|707|Hermit|Collapse Breccia Pipe|Depleted|1,000-2,500
17|United States|708|Hershey|Sandstone-Tabular|Depleted|500-1,000
18|United States|709|Hideout|Sandstone-Tabular|Depleted|< 500
19|United States|710|Highland|Sandstone-Roll Front|Operating|10,000-25,000
20|United States|903|Hobson|Sandstone-Roll Front|Depleted|1,000-2,500
21|United States|711|Holiday-El Mesquite|Sandstone-Roll Front|Depleted|2,500-5,000
22|United States|713|Irigaray|Sandstone-Roll Front|Depleted|2,500-5,000
23|United States|714|J.J.|Sandstone-Roll Front|Dormant|5,000-10,000
24|United States|716|Jackpile|Sandstone-Tabular|Depleted|25,000-50,000
25|United States|701|Jackpot / Green|Sandstone-Roll Front|Dormant|10,000-25,000
27|United States|717|John Brown|Sandstone-Tabular|Depleted|2,500-5,000
28|United States|718|Johnny-M|Sandstone-Tabular|Dormant|5,000-10,000
29|United States|920|Juniper|Sandstone-Roll Front|Exploration|1,000-2,500
30|United States|719|Kanab North|Collapse Breccia Pipe|Dormant|1,000-2,500
31|United States|720|Keota|Sandstone-Roll Front|Dormant|2,500-5,000
32|United States|721|King Solomon|Sandstone-Tabular|Depleted|1,000-2,500
33|United States|722|Kingsville Dome|Sandstone-Roll Front|Dormant|2,500-5,000
34|United States|723|L Bar|Sandstone-Tabular|Depleted|2,500-5,000
35|United States|724|La Jara Mesa|Sandstone-Roll Front|Dormant|2,500-5,000
36|United States|725|La Sal Creek|Sandstone-Tabular|Dormant|500-1,000
37|United States|726|Lamprecht-Felder|Sandstone-Roll Front|Depleted|2,500-5,000
38|United States|727|Las Palmas|Sandstone-Roll Front|Depleted|1,000-2,500
39|United States|728|Lee|Sandstone-Tabular|Dormant|2,500-5,000
40|United States|729|Legin-Charles T-|Sandstone-Tabular|Closed|2,500-5,000
42|United States|730|Leuenberger|Sandstone-Roll Front|Dormant|1,000-2,500
43|United States|731|Long And Horse Mesas|Sandstone-Tabular|Depleted|500-1,000
44|United States|732|Long Park|Sandstone-Tabular|Dormant|2,500-5,000
45|United States|733|Los Ochos|Vein|Dormant|500-1,000
46|United States|734|Lower And Radium|Sandstone-Tabular|Depleted|500-1,000
48|United States|735|Lucky Mc Mine|Sandstone-Roll Front|Depleted|10,000-25,000
49|United States|736|Lukachukai Mountains|Sandstone-Tabular|Dormant|1,000-2,500
50|United States|737|Mancos|Sandstone-Roll Front|Dormant|1,000-2,500
51|United States|738|Mariano Lake|Sandstone-Tabular|Dormant|10,000-25,000
52|United States|739|Marquez Canyon|Sandstone-Tabular|Dormant|5,000-10,000
53|United States|740|Marquez Grant|Sandstone-Tabular|Dormant|1,000-2,500
54|United States|741|Marysvale|Volcanic|Dormant|500-1,000
55|United States|742|Mcdermitt|Volcanic|Dormant|5,000-10,000
56|United States|743|Mi Vida / Lisbon Valley|Sandstone-Tabular|Depleted|10,000-25,000
57|United States|744|Midnite|Vein|Dormant|2,500-5,000
58|United States|745|Monogram Mesa|Sandstone-Tabular|Dormant|2,500-5,000
59|United States|746|Monument No.2|Sandstone-Tabular|Depleted|1,000-2,500
60|United States|747|Moonlight|Sandstone-Tabular|Depleted|500-1,000
61|United States|919|Moonshine Springs|Sandstone-Tabular|Dormant|1,000-2,500
62|United States|748|Moore Ranch|Sandstone-Roll Front|Development|1,000-2,500
63|United States|749|Mrak|Sandstone-Roll Front|Depleted|500-1,000
64|United States|750|Mt. Lucas|Sandstone-Roll Front|Depleted|1,000-2,500
2|United States|751|Mt. Taylor|Sandstone-Tabular|Dormant|25,000-50,000
3|United States|752|Narrow Canyon|Sandstone-Roll Front|Dormant|2,500-5,000
4|United States|753|Nell|Sandstone-Roll Front|Dormant|500-1,000
5|United States|1312|Nichols Ranch|Sandstone-Roll Front|Exploration|500-1,000
6|United States|755|Nine Mile Lake|Sandstone-Roll Front|Dormant|1,000-2,500
7|United States|756|North Butte / Brown|Sandstone-Roll Front|Dormant|2,500-5,000
8|United States|757|North Florida|Phosphorite|Dormant|50,000-100,000
9|United States|758|Northeast Florida|Phosphorite|Dormant|> 100,000
11|United States|931|Northwest Unit|Sandstone-Roll Front|Exploration|1,000-2,500
12|United States|759|Nose Rock|Sandstone-Tabular|Dormant|10,000-25,000
13|United States|760|O'Hern|Sandstone-Roll Front|Depleted|< 500
14|United States|761|Orphan Lode|Collapse Breccia Pipe|Depleted|1,000-2,500
15|United States|762|Oshoto Deposit|Sandstone-Roll Front|Dormant|1,000-2,500
16|United States|905|Palangana|Sandstone-Roll Front|Development|1,000-2,500
17|United States|763|Pandora|Sandstone-Tabular|Operating|500-1,000
18|United States|764|Panna Maria|Sandstone-Roll Front|Depleted|5,000-10,000
19|United States|765|Pawnee|Sandstone-Roll Front|Depleted|500-1,000
20|United States|930|Peach|Sandstone-Roll Front|Development|2,500-5,000
21|United States|766|Peterson Ranch|Sandstone-Roll Front|Dormant|1,000-2,500
22|United States|767|Petrotomics / Dave|Sandstone-Roll Front|Dormant|10,000-25,000
23|United States|768|Piedre Lumbre|Sandstone-Roll Front|Dormant|500-1,000
24|United States|769|Pigeon|Collapse Breccia Pipe|Depleted|1,000-2,500
25|United States|770|Pinenut|Collapse Breccia Pipe|Dormant|1,000-2,500
26|United States|918|Pinetree|Sandstone-Roll Front|Development|1,000-2,500
27|United States|771|Pitch|Vein|Depleted|500-1,000
28|United States|772|Poison Canyon|Sandstone-Tabular|Depleted|500-1,000
29|United States|773|Ramco|Unknown|Unknown|UNKNOWN
30|United States|774|Red Desert Basin|Unknown|Unknown|UNKNOWN
31|United States|1313|Reno Creek SouthWest|Sandstone-Roll Front|Exploration|1,000-2,500
32|United States|775|Reno Creek West|Sandstone-Roll Front|Exploration|2,500-5,000
33|United States|932|Reynolds Ranch|Sandstone-Roll Front|Development|5,000-10,000
34|United States|776|Rhode Ranch|Sandstone-Roll Front|Depleted|2,500-5,000
35|United States|777|Rio Puerco|Sandstone-Tabular|Dormant|1,000-2,500
36|United States|778|Rob Rollo|Sandstone-Tabular|Depleted|1,000-2,500
37|United States|779|Roca Honda|Sandstone-Roll Front|Dormant|1,000-2,500
38|United States|780|Rosita|Sandstone-Roll Front|Depleted|1,000-2,500
39|United States|781|Ruby|Sandstone-Tabular|Depleted|2,500-5,000
40|United States|782|Ruby Ranch|Sandstone-Tabular|Dormant|1,000-2,500
41|United States|783|Ruth|Sandstone-Roll Front|Dormant|500-1,000
42|United States|784|Sage|Collapse Breccia Pipe|Dormant|1,000-2,500
43|United States|785|Saint Anthony|Sandstone-Roll Front|Dormant|2,500-5,000
44|United States|786|San Antonio Valley|Sandstone-Tabular|Dormant|1,000-2,500
45|United States|787|Sand Creek|Sandstone-Roll Front|Dormant|500-1,000
46|United States|789|Schwartzwalder|Vein|Depleted|2,500-5,000
47|United States|790|Section 32|Sandstone-Roll Front|Dormant|1,000-2,500
48|United States|791|Sharp Canyon|Sandstone-Tabular|Dormant|500-1,000
49|United States|792|Sherwood Mine|Sandstone-Basal Channel|Depleted|5,000-10,000
50|United States|793|Shinarump|Sandstone-Tabular|Depleted|500-1,000
51|United States|933|Shirley Basin Cameco|Sandstone-Roll Front|Exploration|1,000-2,500
52|United States|794|Shirley Basin Mine|Sandstone-Roll Front|Closed|10,000-25,000
53|United States|796|Slick Rock|Sandstone-Tabular|Dormant|1,000-2,500
54|United States|797|Smith Ranch|Sandstone-Roll Front|Operating|5,000-10,000
55|United States|798|South Florida District|Phosphorite|Dormant|UNKNOWN
56|United States|799|South Morton Ranch|Sandstone-Roll Front|Dormant|5,000-10,000
57|United States|800|Sundance|Unknown|Unknown|UNKNOWN
58|United States|801|Swanson|Metasomatite|Dormant|10,000-25,000
59|United States|1315|SWD Claims|Sandstone-Roll Front|Exploration|500-1,000
60|United States|802|Sweetwater Mine|Sandstone-Roll Front|Depleted|5,000-10,000
61|United States|803|Taylor Ranch|Unknown|Dormant|2,500-5,000
62|United States|804|Temple Mountain|Sandstone-Tabular|Dormant|500-1,000
63|United States|805|Tony M. / Shootering|Sandstone-Tabular|Operating|1,000-2,500
2|United States|806|Trevino|Sandstone-Roll Front|Depleted|1,000-2,500
3|United States|936|Uravan District|Sandstone-Tabular|Operating|2,500-5,000
4|United States|809|Uravan-Atkinson Mesas|Sandstone-Tabular|Dormant|2,500-5,000
5|United States|810|Vanadium|Sandstone-Tabular|Dormant|5,000-10,000
6|United States|811|Vanura|Sandstone-Tabular|Depleted|1,000-2,500
7|United States|921|Vasquez|Sandstone-Roll Front|Unknown|1,000-2,500
8|United States|934|West Cole|Sandstone-Roll Front|Depleted|< 500
9|United States|812|West Gas Hills|Sandstone-Roll Front|Depleted|5,000-10,000
10|United States|813|West Largo|Sandstone-Tabular|Dormant|5,000-10,000
11|United States|814|Whiskey Peak / Green|Sandstone-Roll Front|Dormant|5,000-10,000
13|United States|904|Zamzov|Sandstone-Roll Front|Depleted|UNKNOWN
14|Uzbekistan|815|Agron|Sandstone-Roll Front|Operating|5,000-10,000
15|Uzbekistan|816|Aktau|Sandstone-Roll Front|Dormant|5,000-10,000
16|Uzbekistan|817|Alatanga|Vein|Depleted|2,500-5,000
17|Uzbekistan|818|Alendy|Sandstone-Roll Front|Operating|10,000-25,000
18|Uzbekistan|819|Altyntau|Black Shales|Dormant|500-1,000
19|Uzbekistan|820|Aulbek|Sandstone-Roll Front|Operating|10,000-25,000
20|Uzbekistan|822|Bakhaly|Sandstone-Roll Front|Dormant|1,000-2,500
21|Uzbekistan|823|Beshkak|Sandstone-Roll Front|Operating|5,000-10,000
22|Uzbekistan|824|Bukeenai|Sandstone-Roll Front|Operating|25,000-50,000
23|Uzbekistan|825|Charkasar|Vein|Depleted|1,000-2,500
24|Uzbekistan|826|Chauli|Volcanic|Depleted|2,500-5,000
25|Uzbekistan|827|Djantuar|Black Shales|Dormant|10,000-25,000
26|Uzbekistan|828|Kanimekh|Sandstone-Roll Front|Operating|10,000-25,000
27|Uzbekistan|829|Kattasai|Vein|Depleted|1,000-2,500
28|Uzbekistan|830|Kendyktjube|Sandstone-Roll Front|Operating|10,000-25,000
29|Uzbekistan|831|Ketmenchi|Sandstone-Roll Front|Operating|10,000-25,000
30|Uzbekistan|832|Koscheka|Black Shales|Dormant|1,000-2,500
31|Uzbekistan|833|Lyavlyakan|Sandstone-Roll Front|Operating|5,000-10,000
32|Uzbekistan|834|Mailikatan|Vein|Depleted|1,000-2,500
33|Uzbekistan|840|Mayzak|Sandstone-Roll Front|Dormant|2,500-5,000
34|Uzbekistan|835|Meylysai|Sandstone-Roll Front|Dormant|2,500-5,000
35|Uzbekistan|836|Nagornoye|Sandstone-Roll Front|Dormant|2,500-5,000
36|Uzbekistan|837|Rudnoye|Black Shales|Dormant|2,500-5,000
37|Uzbekistan|838|Sabyrsay|Sandstone-Roll Front|Operating|10,000-25,000
38|Uzbekistan|839|Severny Kanimekh|Sandstone-Roll Front|Operating|10,000-25,000
39|Uzbekistan|841|Shark|Sandstone-Roll Front|Operating|1,000-2,500
40|Uzbekistan|842|Sugraly|Sandstone-Roll Front|Operating|25,000-50,000
41|Uzbekistan|843|Terekuduk|Sandstone-Roll Front|Dormant|500-1,000
42|Uzbekistan|844|Tokhumbet|Sandstone-Roll Front|Dormant|2,500-5,000
43|Uzbekistan|845|Tutly|Sandstone-Roll Front|Operating|2,500-5,000
44|Uzbekistan|846|Uchkuduk|Sandstone-Roll Front|Operating|25,000-50,000
45|Uzbekistan|847|Ulus|Unknown|Unknown|500-1,000
46|Uzbekistan|848|Varadzhan|Sandstone-Roll Front|Dormant|500-1,000
47|Uzbekistan|849|Yuzhny Bukinai|Sandstone-Roll Front|Operating|10,000-25,000
48|Vietnam|850|An Diem|Sandstone-Tabular|Exploration|5,000-10,000
49|Vietnam|851|Khe Hoa-Khe Cao|Sandstone-Tabular|Exploration|5,000-10,000
50|Zambia|1230|Bungua|Unknown|Exploration|UNKNOWN
51|Zambia|1231|Dibwe|Sandstone-Tabular|Exploration|2,500-5,000
52|Zambia|1232|Gwabe|Sandstone-Tabular|Exploration|500-1,000
53|Zambia|1234|Lumwana|Unknown|Feasibility study|5,000-10,000
54|Zambia|1235|Mutanga|Unknown|Exploration|2,500-5,000
55|Zambia|1237|Njame|Sandstone-Tabular|Exploration|2,500-5,000
56|Zimbabwe|859|Kanyemba|Sandstone-Tabular|Dormant|1,000-2,500
57|Zimbabwe|1291|Kawanga|Vein|Dormant|2,500-5,000
